STATE,District Name,Commodity,Modal_Price,Date,Price_per_kg,Price_display
Andhra Pradesh,adilabad,Onion,700.0,31-May-2025,7.0,₹ 7.0 / kg
Andhra Pradesh,hyderabad,Potato,1826.190476190476,30-Jun-2025,18.26,₹ 18.26 / kg
Andhra Pradesh,karimnagar,Potato,2500.0,31-May-2025,25.0,₹ 25.0 / kg
Andhra Pradesh,krishna,Rice,4645.0,30-Jun-2025,46.45,₹ 46.45 / kg
Andhra Pradesh,kurnool,Onion,605.0,30-Jun-2025,6.05,₹ 6.05 / kg
Andhra Pradesh,mahbubnagar,Onion,2000.0,31-May-2025,20.0,₹ 20.0 / kg
Andhra Pradesh,mahbubnagar,Potato,2833.333333333333,30-Jun-2025,28.33,₹ 28.33 / kg
Andhra Pradesh,medak,Onion,1288.5,30-Jun-2025,12.88,₹ 12.88 / kg
Andhra Pradesh,medak,Potato,1200.0,31-May-2025,12.0,₹ 12.0 / kg
Andhra Pradesh,warangal,Potato,2545.454545454545,30-Jun-2025,25.45,₹ 25.45 / kg
Assam,dhubri,Potato,910.0,28-Feb-2025,9.1,₹ 9.1 / kg
Assam,goalpara,Potato,1100.043,31-May-2025,11.0,₹ 11.0 / kg
Assam,jorhat,Potato,1133.3333333333333,31-May-2025,11.33,₹ 11.33 / kg
Assam,lakhimpur,Onion,1151.7391304347825,30-Jun-2025,11.52,₹ 11.52 / kg
Assam,lakhimpur,Potato,1186.5217391304348,30-Jun-2025,11.87,₹ 11.87 / kg
Assam,lakhimpur,Rice,3183.0,30-Jun-2025,31.83,₹ 31.83 / kg
Assam,nalbari,Potato,1100.0,31-Mar-2025,11.0,₹ 11.0 / kg
Assam,sonitpur,Potato,1066.6666666666667,31-May-2025,10.67,₹ 10.67 / kg
Bihar,araria,Potato,1300.0,30-Jun-2025,13.0,₹ 13.0 / kg
Bihar,banka,Onion,2200.0,30-Jun-2025,22.0,₹ 22.0 / kg
Bihar,bhojpur,Onion,1448.0,30-Jun-2025,14.48,₹ 14.48 / kg
Bihar,bhojpur,Potato,1554.7435897435898,31-May-2025,15.55,₹ 15.55 / kg
Bihar,buxar,Potato,1450.0,31-May-2025,14.5,₹ 14.5 / kg
Bihar,jamui,Onion,1275.0,31-May-2025,12.75,₹ 12.75 / kg
Bihar,jamui,Potato,1200.0,31-May-2025,12.0,₹ 12.0 / kg
Bihar,jehanabad,Onion,1500.0,31-May-2025,15.0,₹ 15.0 / kg
Bihar,jehanabad,Potato,1700.0,31-May-2025,17.0,₹ 17.0 / kg
Bihar,khagaria,Onion,1920.0,31-May-2025,19.2,₹ 19.2 / kg
Bihar,kishanganj,Onion,2300.0,31-May-2025,23.0,₹ 23.0 / kg
Bihar,kishanganj,Potato,2050.0,31-May-2025,20.5,₹ 20.5 / kg
Bihar,madhepura,Onion,2341.6666666666665,31-May-2025,23.42,₹ 23.42 / kg
Bihar,madhepura,Potato,1288.888888888889,31-May-2025,12.89,₹ 12.89 / kg
Bihar,madhubani,Onion,2255.555555555556,31-May-2025,22.56,₹ 22.56 / kg
Bihar,madhubani,Potato,1871.428571428572,31-May-2025,18.71,₹ 18.71 / kg
Bihar,muzaffarpur,Onion,3100.0,31-Mar-2025,31.0,₹ 31.0 / kg
Bihar,muzaffarpur,Potato,1900.0,31-May-2025,19.0,₹ 19.0 / kg
Bihar,patna,Onion,4120.0,31-Mar-2025,41.2,₹ 41.2 / kg
Bihar,patna,Potato,1680.0,31-Mar-2025,16.8,₹ 16.8 / kg
Bihar,rohtas,Onion,1752.3809523809523,31-May-2025,17.52,₹ 17.52 / kg
Bihar,rohtas,Potato,900.0,31-May-2025,9.0,₹ 9.0 / kg
Bihar,samastipur,Onion,1584.6153846153843,31-May-2025,15.85,₹ 15.85 / kg
Bihar,sheohar,Onion,2170.3703703703704,31-May-2025,21.7,₹ 21.7 / kg
Bihar,sheohar,Potato,1918.5185185185185,31-May-2025,19.19,₹ 19.19 / kg
Bihar,vaishali,Potato,2785.714285714286,31-Jan-2025,27.86,₹ 27.86 / kg
Chandigarh,chandigarh,Onion,1064.7058823529412,31-May-2025,10.65,₹ 10.65 / kg
Chandigarh,chandigarh,Potato,558.8235294117648,31-May-2025,5.59,₹ 5.59 / kg
Chattisgarh,dhamtari,Onion,1287.5,31-May-2025,12.88,₹ 12.88 / kg
Chattisgarh,dhamtari,Potato,1712.5,31-May-2025,17.12,₹ 17.12 / kg
Chattisgarh,durg,Onion,1447.6190476190477,31-May-2025,14.48,₹ 14.48 / kg
Chattisgarh,durg,Potato,1828.571428571429,31-May-2025,18.29,₹ 18.29 / kg
Chattisgarh,rajnandgaon,Onion,1004.1666666666666,31-May-2025,10.04,₹ 10.04 / kg
Chattisgarh,rajnandgaon,Potato,1676.3157894736842,31-May-2025,16.76,₹ 16.76 / kg
Chhattisgarh,bilaspur,Onion,1582.3529411764705,31-May-2025,15.82,₹ 15.82 / kg
Chhattisgarh,bilaspur,Potato,1370.0,31-May-2025,13.7,₹ 13.7 / kg
Delhi,delhi,Onion,1054.9733333333334,31-May-2025,10.55,₹ 10.55 / kg
Delhi,delhi,Potato,1048.407894736842,31-May-2025,10.48,₹ 10.48 / kg
Delhi,delhi,Rice,5450.666666666667,31-May-2025,54.51,₹ 54.51 / kg
Gao,north goa,Potato,2000.0,31-May-2025,20.0,₹ 20.0 / kg
Gujarat,ahmedabad,Onion,1065.7407407407406,31-May-2025,10.66,₹ 10.66 / kg
Gujarat,ahmedabad,Potato,1349.6478873239437,31-May-2025,13.5,₹ 13.5 / kg
Gujarat,anand,Onion,1369.977777777778,31-May-2025,13.7,₹ 13.7 / kg
Gujarat,anand,Potato,1285.5555555555557,31-May-2025,12.86,₹ 12.86 / kg
Gujarat,bharuch,Onion,1133.3333333333333,31-May-2025,11.33,₹ 11.33 / kg
Gujarat,bharuch,Potato,1458.0,31-May-2025,14.58,₹ 14.58 / kg
Gujarat,bhavnagar,Onion,684.6491228070175,31-May-2025,6.85,₹ 6.85 / kg
Gujarat,bhavnagar,Potato,2322.5,31-May-2025,23.22,₹ 23.22 / kg
Gujarat,dahod,Onion,1116.1290322580646,31-May-2025,11.16,₹ 11.16 / kg
Gujarat,dahod,Potato,1306.451612903226,31-May-2025,13.06,₹ 13.06 / kg
Gujarat,dahod,Rice,5505.769230769231,31-May-2025,55.06,₹ 55.06 / kg
Gujarat,gandhinagar,Potato,1000.0,31-Mar-2025,10.0,₹ 10.0 / kg
Gujarat,jamnagar,Onion,718.1818181818181,31-May-2025,7.18,₹ 7.18 / kg
Gujarat,kheda,Onion,1338.2183908045977,31-May-2025,13.38,₹ 13.38 / kg
Gujarat,kheda,Potato,1177.871794871795,31-May-2025,11.78,₹ 11.78 / kg
Gujarat,navsari,Onion,1337.9310344827586,31-May-2025,13.38,₹ 13.38 / kg
Gujarat,navsari,Potato,1666.5254237288136,31-May-2025,16.67,₹ 16.67 / kg
Gujarat,porbandar,Onion,1160.0,31-May-2025,11.6,₹ 11.6 / kg
Gujarat,porbandar,Potato,1466.3461538461538,31-May-2025,14.66,₹ 14.66 / kg
Gujarat,rajkot,Onion,673.6111111111111,31-May-2025,6.74,₹ 6.74 / kg
Gujarat,rajkot,Potato,803.0357142857143,31-May-2025,8.03,₹ 8.03 / kg
Gujarat,surat,Onion,1235.0,31-May-2025,12.35,₹ 12.35 / kg
Gujarat,surat,Potato,1335.0,31-May-2025,13.35,₹ 13.35 / kg
Gujarat,surendranagar,Onion,1250.0,31-May-2025,12.5,₹ 12.5 / kg
Gujarat,surendranagar,Potato,1593.75,31-May-2025,15.94,₹ 15.94 / kg
Haryana,ambala,Onion,955.9444444444443,31-May-2025,9.56,₹ 9.56 / kg
Haryana,ambala,Potato,752.7333333333333,31-May-2025,7.53,₹ 7.53 / kg
Haryana,bhiwani,Onion,964.3214285714286,31-May-2025,9.64,₹ 9.64 / kg
Haryana,bhiwani,Potato,1088.3333333333333,31-May-2025,10.88,₹ 10.88 / kg
Haryana,faridabad,Onion,1148.809523809524,31-May-2025,11.49,₹ 11.49 / kg
Haryana,faridabad,Potato,975.6410256410256,31-May-2025,9.76,₹ 9.76 / kg
Haryana,fatehabad,Onion,1141.2087912087911,31-May-2025,11.41,₹ 11.41 / kg
Haryana,fatehabad,Potato,826.0,31-May-2025,8.26,₹ 8.26 / kg
Haryana,gurgaon,Onion,1207.5892857142858,31-May-2025,12.08,₹ 12.08 / kg
Haryana,gurgaon,Potato,1082.2727272727273,31-May-2025,10.82,₹ 10.82 / kg
Haryana,jind,Onion,1027.2727272727273,31-May-2025,10.27,₹ 10.27 / kg
Haryana,jind,Potato,938.0281690140844,31-May-2025,9.38,₹ 9.38 / kg
Haryana,kaithal,Onion,1365.4128440366972,31-May-2025,13.65,₹ 13.65 / kg
Haryana,kaithal,Potato,898.6861313868613,31-May-2025,8.99,₹ 8.99 / kg
Haryana,karnal,Onion,1293.4065934065934,31-May-2025,12.93,₹ 12.93 / kg
Haryana,karnal,Potato,1015.108695652174,31-May-2025,10.15,₹ 10.15 / kg
Haryana,kurukshetra,Onion,1119.3885350318471,31-May-2025,11.19,₹ 11.19 / kg
Haryana,kurukshetra,Potato,857.6818181818181,31-May-2025,8.58,₹ 8.58 / kg
Haryana,mewat,Onion,1236.4864864864865,31-May-2025,12.36,₹ 12.36 / kg
Haryana,mewat,Potato,1108.5365853658536,31-May-2025,11.09,₹ 11.09 / kg
Haryana,palwal,Onion,1230.0,31-May-2025,12.3,₹ 12.3 / kg
Haryana,palwal,Potato,932.3076923076924,31-May-2025,9.32,₹ 9.32 / kg
Haryana,panchkula,Onion,1521.09375,31-May-2025,15.21,₹ 15.21 / kg
Haryana,panchkula,Potato,919.1780821917808,31-May-2025,9.19,₹ 9.19 / kg
Haryana,panipat,Onion,1139.1304347826087,31-May-2025,11.39,₹ 11.39 / kg
Haryana,panipat,Potato,706.0344827586207,31-May-2025,7.06,₹ 7.06 / kg
Haryana,rewari,Onion,1330.7692307692307,31-May-2025,13.31,₹ 13.31 / kg
Haryana,rewari,Potato,1120.909090909091,31-May-2025,11.21,₹ 11.21 / kg
Haryana,rohtak,Onion,1025.0,31-May-2025,10.25,₹ 10.25 / kg
Haryana,rohtak,Potato,888.5245901639345,31-May-2025,8.89,₹ 8.89 / kg
Haryana,sirsa,Onion,1202.1341463414635,31-May-2025,12.02,₹ 12.02 / kg
Haryana,sirsa,Potato,956.1702127659574,31-May-2025,9.56,₹ 9.56 / kg
Haryana,sonipat,Onion,1297.2972972972973,31-May-2025,12.97,₹ 12.97 / kg
Haryana,sonipat,Potato,1111.392405063291,31-May-2025,11.11,₹ 11.11 / kg
Haryana,yamuna nagar,Onion,1169.0604026845638,31-May-2025,11.69,₹ 11.69 / kg
Haryana,yamuna nagar,Potato,835.2364864864865,31-May-2025,8.35,₹ 8.35 / kg
Himachal Pradesh,chamba,Onion,1959.25925925926,31-May-2025,19.59,₹ 19.59 / kg
Himachal Pradesh,chamba,Potato,1269.2307692307693,31-May-2025,12.69,₹ 12.69 / kg
Himachal Pradesh,hamirpur,Onion,1530.3191489361702,31-May-2025,15.3,₹ 15.3 / kg
Himachal Pradesh,hamirpur,Potato,1379.5833333333333,31-May-2025,13.8,₹ 13.8 / kg
Himachal Pradesh,hamirpur,Rice,3245.972222222222,31-May-2025,32.46,₹ 32.46 / kg
Himachal Pradesh,kangra,Onion,1850.0,31-May-2025,18.5,₹ 18.5 / kg
Himachal Pradesh,kangra,Potato,1237.9746835443038,31-May-2025,12.38,₹ 12.38 / kg
Himachal Pradesh,kullu,Onion,1882.8947368421047,31-May-2025,18.83,₹ 18.83 / kg
Himachal Pradesh,kullu,Potato,1288.157894736842,31-May-2025,12.88,₹ 12.88 / kg
Himachal Pradesh,mandi,Onion,1577.2727272727273,31-May-2025,15.77,₹ 15.77 / kg
Himachal Pradesh,mandi,Potato,1144.078947368421,31-May-2025,11.44,₹ 11.44 / kg
Himachal Pradesh,shimla,Onion,1720.5882352941176,31-May-2025,17.21,₹ 17.21 / kg
Himachal Pradesh,shimla,Potato,1735.483870967742,31-May-2025,17.35,₹ 17.35 / kg
Himachal Pradesh,solan,Onion,1480.0,31-May-2025,14.8,₹ 14.8 / kg
Himachal Pradesh,solan,Potato,1126.0,31-May-2025,11.26,₹ 11.26 / kg
Himachal Pradesh,una,Onion,1506.0975609756097,31-May-2025,15.06,₹ 15.06 / kg
Himachal Pradesh,una,Potato,1003.6585365853658,31-May-2025,10.04,₹ 10.04 / kg
Jammu & Kashmir,jammu,Onion,1708.59375,31-May-2025,17.09,₹ 17.09 / kg
Jammu & Kashmir,jammu,Potato,1208.955223880597,31-May-2025,12.09,₹ 12.09 / kg
Jammu & Kashmir,kathua,Onion,1405.7692307692307,31-May-2025,14.06,₹ 14.06 / kg
Jammu & Kashmir,kathua,Potato,848.0769230769231,31-May-2025,8.48,₹ 8.48 / kg
Jammu & Kashmir,rajouri,Onion,2207.692307692308,31-May-2025,22.08,₹ 22.08 / kg
Jammu & Kashmir,rajouri,Potato,1489.2857142857142,31-May-2025,14.89,₹ 14.89 / kg
Jammu & Kashmir,udhampur,Onion,1906.5217391304348,31-May-2025,19.07,₹ 19.07 / kg
Jammu & Kashmir,udhampur,Potato,1421.7391304347825,31-May-2025,14.22,₹ 14.22 / kg
Jammu and Kashmir,anantnag,Onion,2016.6666666666667,31-May-2025,20.17,₹ 20.17 / kg
Jammu and Kashmir,anantnag,Potato,1620.8333333333333,31-May-2025,16.21,₹ 16.21 / kg
Karnataka,bangalore,Onion,1971.428571428572,31-May-2025,19.71,₹ 19.71 / kg
Karnataka,bangalore,Potato,2650.0,31-May-2025,26.5,₹ 26.5 / kg
Karnataka,bangalore,Rice,6133.333333333333,31-May-2025,61.33,₹ 61.33 / kg
Karnataka,belgaum,Onion,2500.0,31-Mar-2025,25.0,₹ 25.0 / kg
Karnataka,belgaum,Potato,1800.0,31-Mar-2025,18.0,₹ 18.0 / kg
Karnataka,belgaum,Rice,4575.0,31-May-2025,45.75,₹ 45.75 / kg
Karnataka,bijapur,Onion,1575.0,28-Feb-2025,15.75,₹ 15.75 / kg
Karnataka,chikmagalur,Onion,1981.7894736842104,31-May-2025,19.82,₹ 19.82 / kg
Karnataka,chikmagalur,Potato,2075.458333333333,31-May-2025,20.75,₹ 20.75 / kg
Karnataka,chikmagalur,Rice,2500.0,31-May-2025,25.0,₹ 25.0 / kg
Karnataka,chitradurga,Rice,2575.0,31-May-2025,25.75,₹ 25.75 / kg
Karnataka,davangere,Onion,1673.3333333333333,31-May-2025,16.73,₹ 16.73 / kg
Karnataka,davangere,Potato,2241.0526315789475,31-May-2025,22.41,₹ 22.41 / kg
Karnataka,davangere,Rice,2890.243243243244,31-May-2025,28.9,₹ 28.9 / kg
Karnataka,dharwad,Onion,1136.2068965517242,31-May-2025,11.36,₹ 11.36 / kg
Karnataka,dharwad,Potato,1728.571428571429,31-May-2025,17.29,₹ 17.29 / kg
Karnataka,hassan,Onion,1000.0,31-May-2025,10.0,₹ 10.0 / kg
Karnataka,hassan,Potato,1700.0,31-May-2025,17.0,₹ 17.0 / kg
Karnataka,hassan,Rice,5252.0,30-Apr-2025,52.52,₹ 52.52 / kg
Karnataka,haveri,Rice,2300.0,31-May-2025,23.0,₹ 23.0 / kg
Karnataka,kolar,Onion,1782.5,31-May-2025,17.82,₹ 17.82 / kg
Karnataka,kolar,Potato,1805.357142857143,31-May-2025,18.05,₹ 18.05 / kg
Karnataka,kolar,Rice,5612.777777777777,31-May-2025,56.13,₹ 56.13 / kg
Karnataka,koppal,Rice,2507.6363636363635,31-May-2025,25.08,₹ 25.08 / kg
Karnataka,mandya,Onion,1833.3333333333333,31-May-2025,18.33,₹ 18.33 / kg
Karnataka,mandya,Rice,2577.5,31-May-2025,25.78,₹ 25.78 / kg
Karnataka,mysore,Onion,1487.5,31-May-2025,14.88,₹ 14.88 / kg
Karnataka,mysore,Potato,1500.0,31-May-2025,15.0,₹ 15.0 / kg
Karnataka,mysore,Rice,5078.133333333333,31-May-2025,50.78,₹ 50.78 / kg
Karnataka,shimoga,Onion,2052.3809523809523,31-May-2025,20.52,₹ 20.52 / kg
Karnataka,shimoga,Potato,2761.904761904762,31-May-2025,27.62,₹ 27.62 / kg
Karnataka,shimoga,Rice,4329.446428571428,31-May-2025,43.29,₹ 43.29 / kg
Karnataka,tumkur,Onion,2033.3333333333333,31-May-2025,20.33,₹ 20.33 / kg
Karnataka,tumkur,Potato,2800.0,31-May-2025,28.0,₹ 28.0 / kg
Karnataka,tumkur,Rice,4102.0625,31-May-2025,41.02,₹ 41.02 / kg
Karnataka,udupi,Onion,1808.8235294117649,31-May-2025,18.09,₹ 18.09 / kg
Karnataka,udupi,Potato,2200.0,31-May-2025,22.0,₹ 22.0 / kg
Kerala,alappuzha,Onion,3632.5925925925926,31-May-2025,36.33,₹ 36.33 / kg
Kerala,alappuzha,Potato,3395.3846153846152,31-May-2025,33.95,₹ 33.95 / kg
Kerala,ernakulam,Onion,2905.3763440860216,31-May-2025,29.05,₹ 29.05 / kg
Kerala,ernakulam,Potato,3596.791443850268,31-May-2025,35.97,₹ 35.97 / kg
Kerala,idukki,Onion,3618.3098591549297,31-May-2025,36.18,₹ 36.18 / kg
Kerala,idukki,Potato,3389.2473118279568,31-May-2025,33.89,₹ 33.89 / kg
Kerala,idukki,Rice,4150.0,31-May-2025,41.5,₹ 41.5 / kg
Kerala,kannur,Onion,2176.923076923077,31-May-2025,21.77,₹ 21.77 / kg
Kerala,kannur,Potato,2886.6666666666665,31-May-2025,28.87,₹ 28.87 / kg
Kerala,kollam,Onion,3476.8115942028985,31-May-2025,34.77,₹ 34.77 / kg
Kerala,kollam,Potato,3671.264367816092,31-May-2025,36.71,₹ 36.71 / kg
Kerala,kottayam,Onion,3879.1979166666665,31-May-2025,38.79,₹ 38.79 / kg
Kerala,kottayam,Potato,3656.953642384106,31-May-2025,36.57,₹ 36.57 / kg
Kerala,kottayam,Rice,4768.421052631579,31-May-2025,47.68,₹ 47.68 / kg
Kerala,malappuram,Onion,2557.429487179488,31-May-2025,25.57,₹ 25.57 / kg
Kerala,malappuram,Potato,2586.608695652174,31-May-2025,25.87,₹ 25.87 / kg
Kerala,malappuram,Rice,4750.0,31-May-2025,47.5,₹ 47.5 / kg
Kerala,thiruvananthapuram,Onion,3320.3007518796994,31-May-2025,33.2,₹ 33.2 / kg
Kerala,thiruvananthapuram,Potato,3992.982456140351,31-May-2025,39.93,₹ 39.93 / kg
Madhya Pradesh,bhind,Potato,800.0,31-May-2025,8.0,₹ 8.0 / kg
Madhya Pradesh,bhopal,Onion,759.5762711864406,31-May-2025,7.6,₹ 7.6 / kg
Madhya Pradesh,bhopal,Potato,723.8095238095239,31-May-2025,7.24,₹ 7.24 / kg
Madhya Pradesh,chhindwara,Potato,2775.0,31-Jan-2025,27.75,₹ 27.75 / kg
Madhya Pradesh,dewas,Onion,731.448275862069,31-May-2025,7.31,₹ 7.31 / kg
Madhya Pradesh,dewas,Potato,1342.3076923076924,31-May-2025,13.42,₹ 13.42 / kg
Madhya Pradesh,dhar,Onion,625.7727272727273,31-May-2025,6.26,₹ 6.26 / kg
Madhya Pradesh,dhar,Potato,1042.6444444444444,31-May-2025,10.43,₹ 10.43 / kg
Madhya Pradesh,guna,Onion,600.0,31-May-2025,6.0,₹ 6.0 / kg
Madhya Pradesh,gwalior,Onion,929.4117647058824,31-May-2025,9.29,₹ 9.29 / kg
Madhya Pradesh,gwalior,Potato,1415.7894736842106,31-May-2025,14.16,₹ 14.16 / kg
Madhya Pradesh,harda,Onion,980.0,31-May-2025,9.8,₹ 9.8 / kg
Madhya Pradesh,harda,Potato,1500.0,31-May-2025,15.0,₹ 15.0 / kg
Madhya Pradesh,hoshangabad,Onion,1318.974358974359,31-May-2025,13.19,₹ 13.19 / kg
Madhya Pradesh,hoshangabad,Potato,1373.4594594594594,31-May-2025,13.73,₹ 13.73 / kg
Madhya Pradesh,indore,Onion,846.6516129032258,31-May-2025,8.47,₹ 8.47 / kg
Madhya Pradesh,indore,Potato,1302.0121951219512,31-May-2025,13.02,₹ 13.02 / kg
Madhya Pradesh,jabalpur,Onion,1634.6153846153843,31-May-2025,16.35,₹ 16.35 / kg
Madhya Pradesh,jabalpur,Potato,1362.5,31-May-2025,13.62,₹ 13.62 / kg
Madhya Pradesh,jhabua,Onion,1352.7407407407406,31-May-2025,13.53,₹ 13.53 / kg
Madhya Pradesh,jhabua,Potato,1213.04,31-May-2025,12.13,₹ 12.13 / kg
Madhya Pradesh,katni,Onion,2225.0,31-Mar-2025,22.25,₹ 22.25 / kg
Madhya Pradesh,katni,Potato,980.6666666666666,31-May-2025,9.81,₹ 9.81 / kg
Madhya Pradesh,khandwa,Onion,876.4038461538462,31-May-2025,8.76,₹ 8.76 / kg
Madhya Pradesh,khandwa,Potato,911.1111111111112,31-May-2025,9.11,₹ 9.11 / kg
Madhya Pradesh,mandsaur,Onion,485.3958333333333,31-May-2025,4.85,₹ 4.85 / kg
Madhya Pradesh,morena,Onion,750.5434782608696,31-May-2025,7.51,₹ 7.51 / kg
Madhya Pradesh,morena,Potato,761.0,31-May-2025,7.61,₹ 7.61 / kg
Madhya Pradesh,neemuch,Onion,537.7380952380952,31-May-2025,5.38,₹ 5.38 / kg
Madhya Pradesh,rajgarh,Onion,538.2142857142857,31-May-2025,5.38,₹ 5.38 / kg
Madhya Pradesh,rajgarh,Potato,833.3333333333334,31-Jan-2025,8.33,₹ 8.33 / kg
Madhya Pradesh,ratlam,Onion,642.4631578947368,31-May-2025,6.42,₹ 6.42 / kg
Madhya Pradesh,rewa,Potato,912.5,31-May-2025,9.12,₹ 9.12 / kg
Madhya Pradesh,sagar,Onion,865.5961538461538,31-May-2025,8.66,₹ 8.66 / kg
Madhya Pradesh,sagar,Potato,1093.0,31-May-2025,10.93,₹ 10.93 / kg
Madhya Pradesh,satna,Onion,750.0,31-May-2025,7.5,₹ 7.5 / kg
Madhya Pradesh,satna,Potato,1100.0,30-Jun-2025,11.0,₹ 11.0 / kg
Madhya Pradesh,shajapur,Onion,591.9698275862069,31-May-2025,5.92,₹ 5.92 / kg
Madhya Pradesh,shajapur,Potato,922.7428571428572,31-May-2025,9.23,₹ 9.23 / kg
Madhya Pradesh,sheopur,Potato,1637.5,31-May-2025,16.38,₹ 16.38 / kg
Madhya Pradesh,shivpuri,Onion,663.6538461538462,31-May-2025,6.64,₹ 6.64 / kg
Madhya Pradesh,shivpuri,Potato,1300.0,31-May-2025,13.0,₹ 13.0 / kg
Madhya Pradesh,ujjain,Onion,495.2307692307692,31-May-2025,4.95,₹ 4.95 / kg
Madhya Pradesh,ujjain,Potato,1384.5151515151515,31-May-2025,13.85,₹ 13.85 / kg
Maharashtra,ahmednagar,Onion,899.9126213592233,31-May-2025,9.0,₹ 9.0 / kg
Maharashtra,ahmednagar,Potato,1644.2028985507247,31-May-2025,16.44,₹ 16.44 / kg
Maharashtra,akola,Onion,1017.391304347826,31-May-2025,10.17,₹ 10.17 / kg
Maharashtra,akola,Potato,1545.4545454545455,31-May-2025,15.45,₹ 15.45 / kg
Maharashtra,amarawati,Onion,979.1666666666666,31-May-2025,9.79,₹ 9.79 / kg
Maharashtra,amarawati,Potato,1570.8333333333333,31-May-2025,15.71,₹ 15.71 / kg
Maharashtra,beed,Onion,1025.0,31-May-2025,10.25,₹ 10.25 / kg
Maharashtra,bhandara,Rice,4120.434782608696,31-May-2025,41.2,₹ 41.2 / kg
Maharashtra,chandrapur,Onion,1330.952380952381,31-May-2025,13.31,₹ 13.31 / kg
Maharashtra,chandrapur,Potato,1825.0,31-May-2025,18.25,₹ 18.25 / kg
Maharashtra,dhule,Onion,809.2857142857143,31-May-2025,8.09,₹ 8.09 / kg
Maharashtra,dhule,Rice,4400.0,30-Apr-2025,44.0,₹ 44.0 / kg
Maharashtra,jalgaon,Onion,955.4583333333334,31-May-2025,9.55,₹ 9.55 / kg
Maharashtra,jalgaon,Potato,1680.4878048780488,31-May-2025,16.8,₹ 16.8 / kg
Maharashtra,kolhapur,Onion,1156.0975609756097,31-May-2025,11.56,₹ 11.56 / kg
Maharashtra,kolhapur,Potato,2200.0,31-May-2025,22.0,₹ 22.0 / kg
Maharashtra,mumbai,Onion,1162.5,31-May-2025,11.62,₹ 11.62 / kg
Maharashtra,mumbai,Potato,1489.5833333333333,31-May-2025,14.9,₹ 14.9 / kg
Maharashtra,nagpur,Onion,1367.6176470588234,31-May-2025,13.68,₹ 13.68 / kg
Maharashtra,nagpur,Potato,1872.684210526316,31-May-2025,18.73,₹ 18.73 / kg
Maharashtra,nagpur,Rice,4600.0,31-May-2025,46.0,₹ 46.0 / kg
Maharashtra,nandurbar,Onion,1932.6666666666667,28-Feb-2025,19.33,₹ 19.33 / kg
Maharashtra,nashik,Onion,1085.7514496314498,31-May-2025,10.86,₹ 10.86 / kg
Maharashtra,nashik,Potato,1722.0,31-May-2025,17.22,₹ 17.22 / kg
Maharashtra,nashik,Rice,2200.0,31-May-2025,22.0,₹ 22.0 / kg
Maharashtra,pune,Onion,1057.190476190476,31-May-2025,10.57,₹ 10.57 / kg
Maharashtra,pune,Potato,1514.567901234568,31-May-2025,15.15,₹ 15.15 / kg
Maharashtra,pune,Rice,2000.0,31-May-2025,20.0,₹ 20.0 / kg
Maharashtra,raigad,Rice,3359.04761904762,31-May-2025,33.59,₹ 33.59 / kg
Maharashtra,sangli,Onion,1110.9756097560976,31-May-2025,11.11,₹ 11.11 / kg
Maharashtra,sangli,Potato,1800.0,31-May-2025,18.0,₹ 18.0 / kg
Maharashtra,sangli,Rice,6720.0,31-May-2025,67.2,₹ 67.2 / kg
Maharashtra,satara,Onion,1205.645161290323,31-May-2025,12.06,₹ 12.06 / kg
Maharashtra,satara,Potato,1978.125,31-May-2025,19.78,₹ 19.78 / kg
Maharashtra,sholapur,Onion,918.1948051948052,31-May-2025,9.18,₹ 9.18 / kg
Maharashtra,sholapur,Potato,1773.2558139534883,31-May-2025,17.73,₹ 17.73 / kg
Maharashtra,sholapur,Rice,3743.2608695652175,31-May-2025,37.43,₹ 37.43 / kg
Maharashtra,thane,Onion,1323.3333333333333,31-May-2025,13.23,₹ 13.23 / kg
Maharashtra,thane,Potato,1686.3636363636365,31-May-2025,16.86,₹ 16.86 / kg
Maharashtra,thane,Rice,4520.432835820896,31-May-2025,45.2,₹ 45.2 / kg
Manipur,bishnupur,Onion,2955.8823529411766,31-May-2025,29.56,₹ 29.56 / kg
Manipur,bishnupur,Potato,1955.8823529411768,31-May-2025,19.56,₹ 19.56 / kg
Manipur,bishnupur,Rice,5200.0,31-May-2025,52.0,₹ 52.0 / kg
Manipur,thoubal,Onion,2779.4117647058824,31-May-2025,27.79,₹ 27.79 / kg
Manipur,thoubal,Potato,1781.25,31-May-2025,17.81,₹ 17.81 / kg
Manipur,thoubal,Rice,5300.0,31-May-2025,53.0,₹ 53.0 / kg
Meghalaya,east khasi hills,Potato,1828.571428571429,31-May-2025,18.29,₹ 18.29 / kg
Meghalaya,south garo hills,Potato,5000.0,31-Jan-2025,50.0,₹ 50.0 / kg
Meghalaya,west khasi hills,Potato,3200.0,31-May-2025,32.0,₹ 32.0 / kg
Nagaland,kiphire,Potato,2000.0,31-May-2025,20.0,₹ 20.0 / kg
Nagaland,kohima,Onion,3200.0,30-Apr-2025,32.0,₹ 32.0 / kg
Nagaland,kohima,Potato,3542.3076923076924,31-May-2025,35.42,₹ 35.42 / kg
Nagaland,longleng,Potato,2500.0,31-Mar-2025,25.0,₹ 25.0 / kg
Nagaland,mokokchung,Onion,5000.0,31-May-2025,50.0,₹ 50.0 / kg
Nagaland,mokokchung,Potato,3000.0,31-May-2025,30.0,₹ 30.0 / kg
Nagaland,peren,Potato,4300.0,31-Mar-2025,43.0,₹ 43.0 / kg
Nagaland,phek,Potato,2500.0,31-May-2025,25.0,₹ 25.0 / kg
Nagaland,wokha,Potato,2150.0,31-May-2025,21.5,₹ 21.5 / kg
Orissa,bargarh,Onion,2106.060606060606,31-May-2025,21.06,₹ 21.06 / kg
Orissa,bargarh,Potato,2136.3636363636365,31-May-2025,21.36,₹ 21.36 / kg
Orissa,bhadrak,Onion,2334.5,31-May-2025,23.34,₹ 23.34 / kg
Orissa,bhadrak,Potato,1916.842105263158,31-May-2025,19.17,₹ 19.17 / kg
Orissa,dhenkanal,Onion,2138.333333333333,31-May-2025,21.38,₹ 21.38 / kg
Orissa,dhenkanal,Potato,1895.0,31-May-2025,18.95,₹ 18.95 / kg
Orissa,ganjam,Onion,2424.0,31-May-2025,24.24,₹ 24.24 / kg
Orissa,ganjam,Potato,2012.5,31-May-2025,20.12,₹ 20.12 / kg
Orissa,jharsuguda,Onion,2812.5,31-May-2025,28.12,₹ 28.12 / kg
Orissa,jharsuguda,Potato,2145.833333333333,31-May-2025,21.46,₹ 21.46 / kg
Orissa,jharsuguda,Rice,4318.181818181818,31-May-2025,43.18,₹ 43.18 / kg
Orissa,kalahandi,Onion,1767.3076923076924,31-May-2025,17.67,₹ 17.67 / kg
Orissa,kalahandi,Potato,2200.0,31-May-2025,22.0,₹ 22.0 / kg
Orissa,kalahandi,Rice,3600.0,31-May-2025,36.0,₹ 36.0 / kg
Orissa,kendrapara,Onion,4233.333333333333,31-Mar-2025,42.33,₹ 42.33 / kg
Orissa,kendrapara,Potato,1778.7878787878788,31-May-2025,17.79,₹ 17.79 / kg
Orissa,keonjhar,Onion,3088.235294117647,31-May-2025,30.88,₹ 30.88 / kg
Orissa,keonjhar,Potato,2223.529411764706,31-May-2025,22.24,₹ 22.24 / kg
Orissa,keonjhar,Rice,3529.4117647058824,31-May-2025,35.29,₹ 35.29 / kg
Orissa,khurda,Onion,2492.708333333333,31-May-2025,24.93,₹ 24.93 / kg
Orissa,khurda,Potato,1669.7916666666667,31-May-2025,16.7,₹ 16.7 / kg
Orissa,koraput,Potato,2900.0,31-Mar-2025,29.0,₹ 29.0 / kg
Orissa,nuapada,Onion,2312.5,31-May-2025,23.12,₹ 23.12 / kg
Orissa,nuapada,Potato,2325.0,31-May-2025,23.25,₹ 23.25 / kg
Orissa,rayagada,Onion,2114.285714285714,31-May-2025,21.14,₹ 21.14 / kg
Orissa,rayagada,Potato,2190.4761904761904,31-May-2025,21.9,₹ 21.9 / kg
Orissa,sambalpur,Potato,2975.0,31-Jan-2025,29.75,₹ 29.75 / kg
Punjab,amritsar,Onion,1587.3239436619715,31-May-2025,15.87,₹ 15.87 / kg
Punjab,amritsar,Potato,726.8115942028985,31-May-2025,7.27,₹ 7.27 / kg
Punjab,barnala,Onion,1168.0,31-May-2025,11.68,₹ 11.68 / kg
Punjab,barnala,Potato,800.0,31-May-2025,8.0,₹ 8.0 / kg
Punjab,faridkot,Onion,1100.0,31-May-2025,11.0,₹ 11.0 / kg
Punjab,faridkot,Potato,783.125,31-May-2025,7.83,₹ 7.83 / kg
Punjab,fazilka,Potato,877.9166666666666,30-Jun-2025,8.78,₹ 8.78 / kg
Punjab,gurdaspur,Onion,1529.6052631578948,31-May-2025,15.3,₹ 15.3 / kg
Punjab,gurdaspur,Potato,952.9411764705884,31-May-2025,9.53,₹ 9.53 / kg
Punjab,hoshiarpur,Onion,1294.4827586206898,31-May-2025,12.94,₹ 12.94 / kg
Punjab,hoshiarpur,Potato,849.3581081081081,31-May-2025,8.49,₹ 8.49 / kg
Punjab,jalandhar,Onion,1405.4794520547946,31-May-2025,14.05,₹ 14.05 / kg
Punjab,jalandhar,Potato,849.1964285714286,31-May-2025,8.49,₹ 8.49 / kg
Punjab,kapurthala,Onion,1129.2173913043478,31-May-2025,11.29,₹ 11.29 / kg
Punjab,kapurthala,Potato,923.3,31-May-2025,9.23,₹ 9.23 / kg
Punjab,ludhiana,Onion,1223.4513274336284,31-May-2025,12.23,₹ 12.23 / kg
Punjab,ludhiana,Potato,717.7391304347826,31-May-2025,7.18,₹ 7.18 / kg
Punjab,moga,Onion,1473.529411764706,31-May-2025,14.74,₹ 14.74 / kg
Punjab,moga,Potato,1052.9850746268658,31-May-2025,10.53,₹ 10.53 / kg
Punjab,muktsar,Onion,1223.888888888889,31-May-2025,12.24,₹ 12.24 / kg
Punjab,muktsar,Potato,1022.3684210526316,31-May-2025,10.22,₹ 10.22 / kg
Punjab,nawanshahr,Onion,1315.2,31-May-2025,13.15,₹ 13.15 / kg
Punjab,nawanshahr,Potato,603.8461538461538,31-May-2025,6.04,₹ 6.04 / kg
Punjab,patiala,Onion,1191.2738853503186,31-May-2025,11.91,₹ 11.91 / kg
Punjab,patiala,Potato,925.6,31-May-2025,9.26,₹ 9.26 / kg
Punjab,sangrur,Onion,1245.28,31-May-2025,12.45,₹ 12.45 / kg
Punjab,sangrur,Potato,748.2269503546099,31-May-2025,7.48,₹ 7.48 / kg
Rajasthan,ajmer,Onion,1571.875,31-May-2025,15.72,₹ 15.72 / kg
Rajasthan,ajmer,Potato,1461.4583333333333,31-May-2025,14.61,₹ 14.61 / kg
Rajasthan,alwar,Onion,1440.0,31-May-2025,14.4,₹ 14.4 / kg
Rajasthan,alwar,Potato,1517.3076923076924,31-May-2025,15.17,₹ 15.17 / kg
Rajasthan,baran,Onion,509.09090909090907,31-May-2025,5.09,₹ 5.09 / kg
Rajasthan,baran,Potato,715.0,31-May-2025,7.15,₹ 7.15 / kg
Rajasthan,bharatpur,Onion,1141.1764705882354,31-May-2025,11.41,₹ 11.41 / kg
Rajasthan,bharatpur,Potato,1111.764705882353,31-May-2025,11.12,₹ 11.12 / kg
Rajasthan,bhilwara,Onion,1132.258064516129,31-May-2025,11.32,₹ 11.32 / kg
Rajasthan,bhilwara,Potato,1304.8387096774193,31-May-2025,13.05,₹ 13.05 / kg
Rajasthan,bikaner,Onion,821.0526315789474,31-May-2025,8.21,₹ 8.21 / kg
Rajasthan,bikaner,Potato,1089.4736842105262,31-May-2025,10.89,₹ 10.89 / kg
Rajasthan,churu,Onion,1054.5454545454545,31-May-2025,10.55,₹ 10.55 / kg
Rajasthan,churu,Potato,1251.1363636363635,31-May-2025,12.51,₹ 12.51 / kg
Rajasthan,dungarpur,Onion,2675.0,31-May-2025,26.75,₹ 26.75 / kg
Rajasthan,dungarpur,Potato,1475.0,31-May-2025,14.75,₹ 14.75 / kg
Rajasthan,ganganagar,Onion,1040.3846153846157,31-May-2025,10.4,₹ 10.4 / kg
Rajasthan,ganganagar,Potato,842.3076923076923,31-May-2025,8.42,₹ 8.42 / kg
Rajasthan,hanumangarh,Onion,1094.687898089172,31-May-2025,10.95,₹ 10.95 / kg
Rajasthan,hanumangarh,Potato,1019.4871794871794,31-May-2025,10.19,₹ 10.19 / kg
Rajasthan,jaipur,Onion,1071.0526315789473,31-May-2025,10.71,₹ 10.71 / kg
Rajasthan,jaipur,Potato,1126.3157894736842,31-May-2025,11.26,₹ 11.26 / kg
Rajasthan,jaisalmer,Onion,1327.2727272727273,31-May-2025,13.27,₹ 13.27 / kg
Rajasthan,jaisalmer,Potato,1100.0,31-May-2025,11.0,₹ 11.0 / kg
Rajasthan,jalore,Onion,1400.0,31-May-2025,14.0,₹ 14.0 / kg
Rajasthan,jalore,Potato,1287.5,31-May-2025,12.88,₹ 12.88 / kg
Rajasthan,jodhpur,Onion,669.047619047619,31-May-2025,6.69,₹ 6.69 / kg
Rajasthan,jodhpur,Potato,783.3333333333334,31-May-2025,7.83,₹ 7.83 / kg
Rajasthan,kota,Onion,533.3333333333334,31-May-2025,5.33,₹ 5.33 / kg
Rajasthan,kota,Potato,983.0,31-May-2025,9.83,₹ 9.83 / kg
Rajasthan,pali,Potato,1305.5555555555557,31-May-2025,13.06,₹ 13.06 / kg
Rajasthan,pratapgarh,Onion,1034.08,31-May-2025,10.34,₹ 10.34 / kg
Rajasthan,pratapgarh,Potato,1189.642857142857,31-May-2025,11.9,₹ 11.9 / kg
Rajasthan,pratapgarh,Rice,3130.714285714286,31-May-2025,31.31,₹ 31.31 / kg
Rajasthan,rajsamand,Onion,1045.4545454545455,31-May-2025,10.45,₹ 10.45 / kg
Rajasthan,rajsamand,Potato,920.6896551724138,31-May-2025,9.21,₹ 9.21 / kg
Rajasthan,sikar,Onion,587.9629629629629,31-May-2025,5.88,₹ 5.88 / kg
Rajasthan,sikar,Potato,1038.888888888889,31-May-2025,10.39,₹ 10.39 / kg
Rajasthan,sirohi,Onion,1300.0,31-May-2025,13.0,₹ 13.0 / kg
Rajasthan,sirohi,Potato,1312.5,31-May-2025,13.12,₹ 13.12 / kg
Rajasthan,udaipur,Onion,875.0,31-May-2025,8.75,₹ 8.75 / kg
Rajasthan,udaipur,Potato,1219.2307692307693,31-May-2025,12.19,₹ 12.19 / kg
Tamilnadu,coimbatore,Onion,2363.703703703704,31-May-2025,23.64,₹ 23.64 / kg
Tamilnadu,coimbatore,Potato,4997.083333333333,31-May-2025,49.97,₹ 49.97 / kg
Tamilnadu,cuddalore,Onion,2854.1666666666665,31-May-2025,28.54,₹ 28.54 / kg
Tamilnadu,cuddalore,Potato,3919.090909090909,31-May-2025,39.19,₹ 39.19 / kg
Tamilnadu,dharmapuri,Onion,2699.333333333333,31-May-2025,26.99,₹ 26.99 / kg
Tamilnadu,dharmapuri,Potato,3438.6666666666665,31-May-2025,34.39,₹ 34.39 / kg
Tamilnadu,dindigul,Onion,2857.5,31-May-2025,28.58,₹ 28.58 / kg
Tamilnadu,dindigul,Potato,4394.690265486725,31-May-2025,43.95,₹ 43.95 / kg
Tamilnadu,erode,Onion,2630.4054054054054,31-May-2025,26.3,₹ 26.3 / kg
Tamilnadu,erode,Potato,4014.7651006711408,31-May-2025,40.15,₹ 40.15 / kg
Tamilnadu,kancheepuram,Onion,2679.831932773109,31-May-2025,26.8,₹ 26.8 / kg
Tamilnadu,kancheepuram,Potato,3227.966101694916,31-May-2025,32.28,₹ 32.28 / kg
Tamilnadu,karur,Onion,2731.111111111112,31-May-2025,27.31,₹ 27.31 / kg
Tamilnadu,karur,Potato,4708.888888888889,31-May-2025,47.09,₹ 47.09 / kg
Tamilnadu,krishnagiri,Onion,2653.333333333333,31-May-2025,26.53,₹ 26.53 / kg
Tamilnadu,krishnagiri,Potato,3161.333333333333,31-May-2025,31.61,₹ 31.61 / kg
Tamilnadu,madurai,Onion,2894.1176470588234,31-May-2025,28.94,₹ 28.94 / kg
Tamilnadu,madurai,Potato,4656.410256410257,31-May-2025,46.56,₹ 46.56 / kg
Tamilnadu,nagapattinam,Onion,2964.044943820225,31-May-2025,29.64,₹ 29.64 / kg
Tamilnadu,nagapattinam,Potato,4067.777777777778,31-May-2025,40.68,₹ 40.68 / kg
Tamilnadu,namakkal,Onion,2943.8888888888887,31-May-2025,29.44,₹ 29.44 / kg
Tamilnadu,namakkal,Potato,3502.777777777778,31-May-2025,35.03,₹ 35.03 / kg
Tamilnadu,perambalur,Onion,2996.6666666666665,31-May-2025,29.97,₹ 29.97 / kg
Tamilnadu,perambalur,Potato,3530.0,31-May-2025,35.3,₹ 35.3 / kg
Tamilnadu,ramanathapuram,Onion,3450.0,31-May-2025,34.5,₹ 34.5 / kg
Tamilnadu,ramanathapuram,Potato,4316.666666666667,31-May-2025,43.17,₹ 43.17 / kg
Tamilnadu,salem,Onion,3037.386018237082,31-May-2025,30.37,₹ 30.37 / kg
Tamilnadu,salem,Potato,4431.498470948012,31-May-2025,44.31,₹ 44.31 / kg
Tamilnadu,sivaganga,Onion,3220.0,31-May-2025,32.2,₹ 32.2 / kg
Tamilnadu,sivaganga,Potato,4794.666666666667,31-May-2025,47.95,₹ 47.95 / kg
Tamilnadu,thanjavur,Onion,3161.6666666666665,31-May-2025,31.62,₹ 31.62 / kg
Tamilnadu,thanjavur,Potato,3526.6666666666665,31-May-2025,35.27,₹ 35.27 / kg
Tamilnadu,the nilgiris,Onion,2951.111111111112,31-May-2025,29.51,₹ 29.51 / kg
Tamilnadu,the nilgiris,Potato,5030.0,31-May-2025,50.3,₹ 50.3 / kg
Tamilnadu,theni,Onion,2475.2380952380954,31-May-2025,24.75,₹ 24.75 / kg
Tamilnadu,theni,Potato,3224.7619047619046,31-May-2025,32.25,₹ 32.25 / kg
Tamilnadu,thiruchirappalli,Potato,3620.0,31-May-2025,36.2,₹ 36.2 / kg
Tamilnadu,thirunelveli,Onion,2426.6666666666665,31-May-2025,24.27,₹ 24.27 / kg
Tamilnadu,thirunelveli,Potato,3117.777777777778,31-May-2025,31.18,₹ 31.18 / kg
Tamilnadu,thiruvarur,Onion,3658.6666666666665,31-May-2025,36.59,₹ 36.59 / kg
Tamilnadu,thiruvarur,Potato,3741.6666666666665,31-May-2025,37.42,₹ 37.42 / kg
Tamilnadu,vellore,Onion,2428.6666666666665,31-May-2025,24.29,₹ 24.29 / kg
Tamilnadu,vellore,Potato,3233.557046979866,31-May-2025,32.34,₹ 32.34 / kg
Tamilnadu,villupuram,Onion,2727.777777777778,31-May-2025,27.28,₹ 27.28 / kg
Tamilnadu,villupuram,Potato,3550.0,31-May-2025,35.5,₹ 35.5 / kg
Tamilnadu,virudhunagar,Onion,2949.583333333333,31-May-2025,29.5,₹ 29.5 / kg
Tamilnadu,virudhunagar,Potato,3934.1666666666665,31-May-2025,39.34,₹ 39.34 / kg
Uttar Pradesh,agra,Onion,1212.9761904761904,31-May-2025,12.13,₹ 12.13 / kg
Uttar Pradesh,agra,Potato,1071.4173228346456,31-May-2025,10.71,₹ 10.71 / kg
Uttar Pradesh,agra,Rice,3368.942307692308,31-May-2025,33.69,₹ 33.69 / kg
Uttar Pradesh,aligarh,Onion,1431.428571428571,31-May-2025,14.31,₹ 14.31 / kg
Uttar Pradesh,aligarh,Potato,1094.2727272727273,31-May-2025,10.94,₹ 10.94 / kg
Uttar Pradesh,aligarh,Rice,3440.3846153846152,31-May-2025,34.4,₹ 34.4 / kg
Uttar Pradesh,ambedkarnagar,Onion,1200.2542372881355,31-May-2025,12.0,₹ 12.0 / kg
Uttar Pradesh,ambedkarnagar,Potato,1152.1666666666667,31-May-2025,11.52,₹ 11.52 / kg
Uttar Pradesh,ambedkarnagar,Rice,3274.4,31-May-2025,32.74,₹ 32.74 / kg
Uttar Pradesh,amethi,Onion,1174.6875,31-May-2025,11.75,₹ 11.75 / kg
Uttar Pradesh,amethi,Potato,1078.125,31-May-2025,10.78,₹ 10.78 / kg
Uttar Pradesh,amethi,Rice,3305.925925925926,31-May-2025,33.06,₹ 33.06 / kg
Uttar Pradesh,amroha,Onion,1139.2,31-May-2025,11.39,₹ 11.39 / kg
Uttar Pradesh,amroha,Potato,904.2,31-May-2025,9.04,₹ 9.04 / kg
Uttar Pradesh,amroha,Rice,3247.2,31-May-2025,32.47,₹ 32.47 / kg
Uttar Pradesh,auraiya,Onion,1278.0,31-May-2025,12.78,₹ 12.78 / kg
Uttar Pradesh,auraiya,Potato,1123.092105263158,31-May-2025,11.23,₹ 11.23 / kg
Uttar Pradesh,auraiya,Rice,3041.7924528301887,31-May-2025,30.42,₹ 30.42 / kg
Uttar Pradesh,azamgarh,Onion,1217.9032258064517,31-May-2025,12.18,₹ 12.18 / kg
Uttar Pradesh,azamgarh,Potato,1179.8333333333333,31-May-2025,11.8,₹ 11.8 / kg
Uttar Pradesh,azamgarh,Rice,3286.8,31-May-2025,32.87,₹ 32.87 / kg
Uttar Pradesh,badaun,Onion,1203.122270742358,31-May-2025,12.03,₹ 12.03 / kg
Uttar Pradesh,badaun,Potato,1041.268115942029,31-May-2025,10.41,₹ 10.41 / kg
Uttar Pradesh,badaun,Rice,3333.555555555556,31-May-2025,33.34,₹ 33.34 / kg
Uttar Pradesh,baghpat,Onion,1178.6170212765958,31-May-2025,11.79,₹ 11.79 / kg
Uttar Pradesh,baghpat,Potato,1017.6595744680852,31-May-2025,10.18,₹ 10.18 / kg
Uttar Pradesh,baghpat,Rice,3244.038461538461,31-May-2025,32.44,₹ 32.44 / kg
Uttar Pradesh,bahraich,Onion,1355.531914893617,31-May-2025,13.56,₹ 13.56 / kg
Uttar Pradesh,bahraich,Potato,1396.063829787234,31-May-2025,13.96,₹ 13.96 / kg
Uttar Pradesh,bahraich,Rice,3259.259259259259,31-May-2025,32.59,₹ 32.59 / kg
Uttar Pradesh,ballia,Onion,1265.3529411764705,31-May-2025,12.65,₹ 12.65 / kg
Uttar Pradesh,ballia,Potato,1186.5176470588235,31-May-2025,11.87,₹ 11.87 / kg
Uttar Pradesh,ballia,Rice,3104.464285714286,31-May-2025,31.04,₹ 31.04 / kg
Uttar Pradesh,balrampur,Onion,1462.5925925925926,31-May-2025,14.63,₹ 14.63 / kg
Uttar Pradesh,balrampur,Potato,1311.5432098765432,31-May-2025,13.12,₹ 13.12 / kg
Uttar Pradesh,balrampur,Rice,3033.472222222222,31-May-2025,30.33,₹ 30.33 / kg
Uttar Pradesh,banda,Onion,1210.2777777777778,31-May-2025,12.1,₹ 12.1 / kg
Uttar Pradesh,banda,Potato,1238.3333333333333,31-May-2025,12.38,₹ 12.38 / kg
Uttar Pradesh,banda,Rice,3008.5,31-May-2025,30.08,₹ 30.08 / kg
Uttar Pradesh,barabanki,Onion,1221.6233766233763,31-May-2025,12.22,₹ 12.22 / kg
Uttar Pradesh,barabanki,Potato,1163.7323943661972,31-May-2025,11.64,₹ 11.64 / kg
Uttar Pradesh,barabanki,Rice,3235.454545454545,31-May-2025,32.35,₹ 32.35 / kg
Uttar Pradesh,bareilly,Onion,1192.7830188679245,31-May-2025,11.93,₹ 11.93 / kg
Uttar Pradesh,bareilly,Potato,959.271844660194,31-May-2025,9.59,₹ 9.59 / kg
Uttar Pradesh,bareilly,Rice,3054.583333333333,31-May-2025,30.55,₹ 30.55 / kg
Uttar Pradesh,basti,Onion,1248.928571428571,31-May-2025,12.49,₹ 12.49 / kg
Uttar Pradesh,basti,Potato,1176.7857142857142,31-May-2025,11.77,₹ 11.77 / kg
Uttar Pradesh,basti,Rice,3218.4615384615386,31-May-2025,32.18,₹ 32.18 / kg
Uttar Pradesh,bijnor,Onion,1086.75,31-May-2025,10.87,₹ 10.87 / kg
Uttar Pradesh,bijnor,Potato,1001.96261682243,31-May-2025,10.02,₹ 10.02 / kg
Uttar Pradesh,bijnor,Rice,3254.285714285714,31-May-2025,32.54,₹ 32.54 / kg
Uttar Pradesh,bulandshahar,Onion,1228.1550802139038,31-May-2025,12.28,₹ 12.28 / kg
Uttar Pradesh,bulandshahar,Potato,990.6912442396314,31-May-2025,9.91,₹ 9.91 / kg
Uttar Pradesh,bulandshahar,Rice,3242.3846153846152,31-May-2025,32.42,₹ 32.42 / kg
Uttar Pradesh,chandauli,Onion,1171.1764705882354,31-May-2025,11.71,₹ 11.71 / kg
Uttar Pradesh,chandauli,Potato,1179.4642857142858,31-May-2025,11.79,₹ 11.79 / kg
Uttar Pradesh,chandauli,Rice,3331.4,31-May-2025,33.31,₹ 33.31 / kg
Uttar Pradesh,deoria,Onion,1253.8636363636365,31-May-2025,12.54,₹ 12.54 / kg
Uttar Pradesh,deoria,Potato,1168.409090909091,31-May-2025,11.68,₹ 11.68 / kg
Uttar Pradesh,deoria,Rice,3209.318181818182,31-May-2025,32.09,₹ 32.09 / kg
Uttar Pradesh,etah,Onion,1309.84,31-May-2025,13.1,₹ 13.1 / kg
Uttar Pradesh,etah,Potato,1063.1632653061224,31-May-2025,10.63,₹ 10.63 / kg
Uttar Pradesh,etah,Rice,3283.2631578947367,31-May-2025,32.83,₹ 32.83 / kg
Uttar Pradesh,etawah,Onion,1286.6483516483515,31-May-2025,12.87,₹ 12.87 / kg
Uttar Pradesh,etawah,Potato,1083.4065934065934,31-May-2025,10.83,₹ 10.83 / kg
Uttar Pradesh,etawah,Rice,3127.450980392157,31-May-2025,31.27,₹ 31.27 / kg
Uttar Pradesh,fatehpur,Onion,1216.2337662337663,31-May-2025,12.16,₹ 12.16 / kg
Uttar Pradesh,fatehpur,Potato,1144.1666666666667,31-May-2025,11.44,₹ 11.44 / kg
Uttar Pradesh,fatehpur,Rice,3071.4189189189187,31-May-2025,30.71,₹ 30.71 / kg
Uttar Pradesh,firozabad,Onion,1150.2777777777778,31-May-2025,11.5,₹ 11.5 / kg
Uttar Pradesh,firozabad,Potato,1124.2424242424242,31-May-2025,11.24,₹ 11.24 / kg
Uttar Pradesh,firozabad,Rice,3396.25,31-May-2025,33.96,₹ 33.96 / kg
Uttar Pradesh,ghaziabad,Onion,1182.603448275862,31-May-2025,11.83,₹ 11.83 / kg
Uttar Pradesh,ghaziabad,Potato,1019.5583333333332,31-May-2025,10.2,₹ 10.2 / kg
Uttar Pradesh,ghaziabad,Rice,3236.6666666666665,31-May-2025,32.37,₹ 32.37 / kg
Uttar Pradesh,ghazipur,Onion,1181.7307692307693,31-May-2025,11.82,₹ 11.82 / kg
Uttar Pradesh,ghazipur,Potato,1170.0,31-May-2025,11.7,₹ 11.7 / kg
Uttar Pradesh,ghazipur,Rice,4061.3953488372094,31-May-2025,40.61,₹ 40.61 / kg
Uttar Pradesh,gonda,Onion,1251.451612903226,31-May-2025,12.51,₹ 12.51 / kg
Uttar Pradesh,gonda,Potato,1234.4444444444443,31-May-2025,12.34,₹ 12.34 / kg
Uttar Pradesh,gonda,Rice,3198.454545454545,31-May-2025,31.98,₹ 31.98 / kg
Uttar Pradesh,gorakhpur,Onion,1826.2,31-May-2025,18.26,₹ 18.26 / kg
Uttar Pradesh,gorakhpur,Potato,1458.8,31-May-2025,14.59,₹ 14.59 / kg
Uttar Pradesh,gorakhpur,Rice,3032.121212121212,31-May-2025,30.32,₹ 30.32 / kg
Uttar Pradesh,hardoi,Onion,1224.842465753425,31-May-2025,12.25,₹ 12.25 / kg
Uttar Pradesh,hardoi,Potato,1231.190476190476,31-May-2025,12.31,₹ 12.31 / kg
Uttar Pradesh,hardoi,Rice,3159.563492063492,31-May-2025,31.6,₹ 31.6 / kg
Uttar Pradesh,jaunpur,Onion,1185.2597402597405,31-May-2025,11.85,₹ 11.85 / kg
Uttar Pradesh,jaunpur,Potato,1202.4666666666667,31-May-2025,12.02,₹ 12.02 / kg
Uttar Pradesh,jaunpur,Rice,3343.243243243244,31-May-2025,33.43,₹ 33.43 / kg
Uttar Pradesh,jhansi,Onion,1104.377990430622,31-May-2025,11.04,₹ 11.04 / kg
Uttar Pradesh,jhansi,Potato,1244.357142857143,31-May-2025,12.44,₹ 12.44 / kg
Uttar Pradesh,jhansi,Rice,3519.714285714286,31-May-2025,35.2,₹ 35.2 / kg
Uttar Pradesh,kaushambi,Onion,1230.5,31-May-2025,12.3,₹ 12.3 / kg
Uttar Pradesh,kaushambi,Potato,1147.638888888889,31-May-2025,11.48,₹ 11.48 / kg
Uttar Pradesh,kaushambi,Rice,2924.2105263157896,31-May-2025,29.24,₹ 29.24 / kg
Uttar Pradesh,kushinagar,Onion,1391.428571428571,31-May-2025,13.91,₹ 13.91 / kg
Uttar Pradesh,kushinagar,Potato,1698.571428571429,31-May-2025,16.99,₹ 16.99 / kg
Uttar Pradesh,kushinagar,Rice,2879.5,31-May-2025,28.8,₹ 28.8 / kg
Uttar Pradesh,lalitpur,Onion,1188.8709677419354,31-May-2025,11.89,₹ 11.89 / kg
Uttar Pradesh,lalitpur,Potato,1266.1290322580646,31-May-2025,12.66,₹ 12.66 / kg
Uttar Pradesh,lalitpur,Rice,3458.611111111112,31-May-2025,34.59,₹ 34.59 / kg
Uttar Pradesh,lucknow,Onion,1253.1666666666667,31-May-2025,12.53,₹ 12.53 / kg
Uttar Pradesh,lucknow,Potato,1224.5,31-May-2025,12.24,₹ 12.24 / kg
Uttar Pradesh,lucknow,Rice,3029.867924528302,31-May-2025,30.3,₹ 30.3 / kg
Uttar Pradesh,maharajganj,Onion,1325.421052631579,31-May-2025,13.25,₹ 13.25 / kg
Uttar Pradesh,maharajganj,Potato,1181.5104166666667,31-May-2025,11.82,₹ 11.82 / kg
Uttar Pradesh,maharajganj,Rice,3067.253731343284,31-May-2025,30.67,₹ 30.67 / kg
Uttar Pradesh,mahoba,Onion,1228.888888888889,31-May-2025,12.29,₹ 12.29 / kg
Uttar Pradesh,mahoba,Potato,1234.6296296296296,31-May-2025,12.35,₹ 12.35 / kg
Uttar Pradesh,mahoba,Rice,3153.076923076923,31-May-2025,31.53,₹ 31.53 / kg
Uttar Pradesh,mainpuri,Onion,1150.0892857142858,31-May-2025,11.5,₹ 11.5 / kg
Uttar Pradesh,mainpuri,Potato,1089.5061728395062,31-May-2025,10.9,₹ 10.9 / kg
Uttar Pradesh,mainpuri,Rice,3363.235294117647,31-May-2025,33.63,₹ 33.63 / kg
Uttar Pradesh,mathura,Onion,1153.6170212765958,31-May-2025,11.54,₹ 11.54 / kg
Uttar Pradesh,mathura,Potato,1161.276595744681,31-May-2025,11.61,₹ 11.61 / kg
Uttar Pradesh,mathura,Rice,3367.553191489362,31-May-2025,33.68,₹ 33.68 / kg
Uttar Pradesh,meerut,Onion,1179.857142857143,31-May-2025,11.8,₹ 11.8 / kg
Uttar Pradesh,meerut,Potato,1097.0555555555557,31-May-2025,10.97,₹ 10.97 / kg
Uttar Pradesh,meerut,Rice,3232.826086956521,31-May-2025,32.33,₹ 32.33 / kg
Uttar Pradesh,mirzapur,Onion,1009.6052631578948,31-May-2025,10.1,₹ 10.1 / kg
Uttar Pradesh,mirzapur,Potato,1084.609375,31-May-2025,10.85,₹ 10.85 / kg
Uttar Pradesh,mirzapur,Rice,3256.4814814814813,31-May-2025,32.56,₹ 32.56 / kg
Uttar Pradesh,muzaffarnagar,Onion,1102.528735632184,31-May-2025,11.03,₹ 11.03 / kg
Uttar Pradesh,muzaffarnagar,Potato,967.6515151515152,31-May-2025,9.68,₹ 9.68 / kg
Uttar Pradesh,muzaffarnagar,Rice,3265.0,31-May-2025,32.65,₹ 32.65 / kg
Uttar Pradesh,pratapgarh,Onion,1034.08,31-May-2025,10.34,₹ 10.34 / kg
Uttar Pradesh,pratapgarh,Potato,1189.642857142857,31-May-2025,11.9,₹ 11.9 / kg
Uttar Pradesh,pratapgarh,Rice,3130.714285714286,31-May-2025,31.31,₹ 31.31 / kg
Uttar Pradesh,prayagraj,Onion,1181.309523809524,31-May-2025,11.81,₹ 11.81 / kg
Uttar Pradesh,prayagraj,Potato,1171.0135135135135,31-May-2025,11.71,₹ 11.71 / kg
Uttar Pradesh,prayagraj,Rice,3518.101694915254,31-May-2025,35.18,₹ 35.18 / kg
Uttar Pradesh,rampur,Onion,1210.7272727272727,31-May-2025,12.11,₹ 12.11 / kg
Uttar Pradesh,rampur,Potato,1110.6363636363635,31-May-2025,11.11,₹ 11.11 / kg
Uttar Pradesh,rampur,Rice,3255.3571428571427,31-May-2025,32.55,₹ 32.55 / kg
Uttar Pradesh,saharanpur,Onion,1122.090909090909,31-May-2025,11.22,₹ 11.22 / kg
Uttar Pradesh,saharanpur,Potato,905.5555555555557,31-May-2025,9.06,₹ 9.06 / kg
Uttar Pradesh,saharanpur,Rice,3385.0,31-May-2025,33.85,₹ 33.85 / kg
Uttar Pradesh,sambhal,Onion,1278.1176470588234,31-May-2025,12.78,₹ 12.78 / kg
Uttar Pradesh,sambhal,Potato,977.1698113207548,31-May-2025,9.77,₹ 9.77 / kg
Uttar Pradesh,sambhal,Rice,3246.7391304347825,31-May-2025,32.47,₹ 32.47 / kg
Uttar Pradesh,shahjahanpur,Onion,1192.9738562091504,31-May-2025,11.93,₹ 11.93 / kg
Uttar Pradesh,shahjahanpur,Potato,1042.2099447513813,31-May-2025,10.42,₹ 10.42 / kg
Uttar Pradesh,shahjahanpur,Rice,3283.928571428572,31-May-2025,32.84,₹ 32.84 / kg
Uttar Pradesh,shravasti,Onion,1230.0,31-May-2025,12.3,₹ 12.3 / kg
Uttar Pradesh,shravasti,Potato,1179.1891891891892,31-May-2025,11.79,₹ 11.79 / kg
Uttar Pradesh,sitapur,Onion,1161.881188118812,31-May-2025,11.62,₹ 11.62 / kg
Uttar Pradesh,sitapur,Potato,1124.1666666666667,31-May-2025,11.24,₹ 11.24 / kg
Uttar Pradesh,sitapur,Rice,3152.872340425532,31-May-2025,31.53,₹ 31.53 / kg
Uttar Pradesh,sonbhadra,Onion,1250.9803921568628,31-May-2025,12.51,₹ 12.51 / kg
Uttar Pradesh,sonbhadra,Potato,1162.4,31-May-2025,11.62,₹ 11.62 / kg
Uttar Pradesh,sonbhadra,Rice,3345.454545454545,31-May-2025,33.45,₹ 33.45 / kg
Uttar Pradesh,unnao,Onion,1211.0,31-May-2025,12.11,₹ 12.11 / kg
Uttar Pradesh,unnao,Potato,1239.2592592592594,31-May-2025,12.39,₹ 12.39 / kg
Uttar Pradesh,unnao,Rice,3169.4805194805194,31-May-2025,31.69,₹ 31.69 / kg
Uttar Pradesh,varanasi,Onion,1182.0,31-May-2025,11.82,₹ 11.82 / kg
Uttar Pradesh,varanasi,Potato,1157.0,31-May-2025,11.57,₹ 11.57 / kg
Uttar Pradesh,varanasi,Rice,3337.8,31-May-2025,33.38,₹ 33.38 / kg
Uttrakhand,champawat,Onion,810.0,31-May-2025,8.1,₹ 8.1 / kg
Uttrakhand,champawat,Potato,750.0,31-May-2025,7.5,₹ 7.5 / kg
Uttrakhand,champawat,Rice,2846.6666666666665,31-May-2025,28.47,₹ 28.47 / kg
West Bengal,alipurduar,Onion,1697.169811320755,31-May-2025,16.97,₹ 16.97 / kg
West Bengal,alipurduar,Potato,1147.3684210526317,31-May-2025,11.47,₹ 11.47 / kg
West Bengal,bankura,Onion,1568.0555555555557,31-May-2025,15.68,₹ 15.68 / kg
West Bengal,bankura,Potato,1269.84496124031,31-May-2025,12.7,₹ 12.7 / kg
West Bengal,bankura,Rice,3906.551724137931,31-May-2025,39.07,₹ 39.07 / kg
West Bengal,birbhum,Onion,1833.7719298245613,31-May-2025,18.34,₹ 18.34 / kg
West Bengal,birbhum,Potato,1269.2792792792793,31-May-2025,12.69,₹ 12.69 / kg
West Bengal,birbhum,Rice,3490.765765765766,31-May-2025,34.91,₹ 34.91 / kg
West Bengal,coochbehar,Potato,1106.25,31-May-2025,11.06,₹ 11.06 / kg
West Bengal,hooghly,Onion,1399.1596638655462,31-May-2025,13.99,₹ 13.99 / kg
West Bengal,hooghly,Potato,1358.4873949579833,31-May-2025,13.58,₹ 13.58 / kg
West Bengal,hooghly,Rice,4239.666666666667,31-May-2025,42.4,₹ 42.4 / kg
West Bengal,howrah,Onion,2006.5573770491803,31-May-2025,20.07,₹ 20.07 / kg
West Bengal,howrah,Potato,1589.8360655737704,31-May-2025,15.9,₹ 15.9 / kg
West Bengal,howrah,Rice,3650.0,31-May-2025,36.5,₹ 36.5 / kg
West Bengal,jalpaiguri,Onion,1878.3410138248848,31-May-2025,18.78,₹ 18.78 / kg
West Bengal,jalpaiguri,Potato,1266.388127853881,31-May-2025,12.66,₹ 12.66 / kg
West Bengal,kolkata,Onion,1605.6521739130435,31-May-2025,16.06,₹ 16.06 / kg
West Bengal,kolkata,Potato,1460.0,31-May-2025,14.6,₹ 14.6 / kg
West Bengal,murshidabad,Onion,1355.8333333333333,31-May-2025,13.56,₹ 13.56 / kg
West Bengal,murshidabad,Potato,1172.4257425742574,31-May-2025,11.72,₹ 11.72 / kg
West Bengal,murshidabad,Rice,3739.748427672956,31-May-2025,37.4,₹ 37.4 / kg
West Bengal,nadia,Onion,1955.1479289940828,31-May-2025,19.55,₹ 19.55 / kg
West Bengal,nadia,Potato,1533.9704142011835,31-May-2025,15.34,₹ 15.34 / kg
West Bengal,nadia,Rice,4390.878378378378,31-May-2025,43.91,₹ 43.91 / kg
West Bengal,north 24 parganas,Onion,1729.6666666666667,31-May-2025,17.3,₹ 17.3 / kg
West Bengal,north 24 parganas,Potato,1581.3333333333333,31-May-2025,15.81,₹ 15.81 / kg
West Bengal,paschim bardhaman,Onion,1643.2520325203252,31-May-2025,16.43,₹ 16.43 / kg
West Bengal,paschim bardhaman,Potato,1306.341463414634,31-May-2025,13.06,₹ 13.06 / kg
West Bengal,paschim bardhaman,Rice,3953.0,31-May-2025,39.53,₹ 39.53 / kg
West Bengal,puruliya,Onion,1721.75,31-May-2025,17.22,₹ 17.22 / kg
West Bengal,puruliya,Potato,1378.0487804878048,31-May-2025,13.78,₹ 13.78 / kg
West Bengal,puruliya,Rice,3792.469135802469,31-May-2025,37.92,₹ 37.92 / kg
